{"DocumentId":"Cheque083654","ContentType":"image/tiff","Length":473,"Pages":[{"PageIndex":0,"Size":[0.0,0.0,2372.0,1093.0],"Sections":[{"IndexInText":0,"Language":"und","Length":1,"Rotation":"None","SkewAngle":-0.3,"Type":"Paragraph","WordGroups":[{"IndexInText":0,"Length":1,"Type":"Other","Words":[{"Box":[4.64,7.83,3.12,23.02],"Polygon":[7.95,4.64,10.95,4.66,10.83,27.66,7.83,27.64],"IndexInText":0,"OcrConfidence":0.97999996,"Text":"J","VisualLineNumber":0,"TextType":"Unknown"}]}]},{"IndexInText":3,"Language":"und","Length":2,"Rotation":"None","SkewAngle":-0.3,"Type":"Paragraph","WordGroups":[{"IndexInText":3,"Length":2,"Type":"Heading","Words":[{"Box":[49.69,207.08,224.64,123.17],"Polygon":[207.72,49.69,431.72,50.86,431.08,172.86,207.08,171.69],"IndexInText":3,"OcrConfidence":0.89,"Text":"Bo","VisualLineNumber":1,"TextType":"Unknown"}]}]},{"IndexInText":7,"Language":"ron","Length":39,"Rotation":"None","SkewAngle":-0.3,"Type":"Paragraph","WordGroups":[{"IndexInText":7,"Length":39,"Type":"Other","Words":[{"Box":[58.76,793.51,153.17,32.8],"Polygon":[793.68,58.76,946.68,59.56,946.51,91.56,793.51,90.75],"IndexInText":7,"OcrConfidence":0.96999997,"Text":"14-1-320,","VisualLineNumber":1,"TextType":"Unknown"},{"Box":[64.63,960.48,98.17,33.51],"Polygon":[960.65,64.63,1058.65,65.14,1058.48,98.14,960.48,97.63],"IndexInText":17,"OcrConfidence":0.76,"Text":"3r1g%1,","VisualLineNumber":1,"TextType":"Unknown"},{"Box":[56.21,1070.51,165.19,36.86],"Polygon":[1070.7,56.21,1235.7,57.07,1235.51,93.07,1070.51,92.2],"IndexInText":25,"OcrConfidence":0.84,"Text":"RARE,","VisualLineNumber":1,"TextType":"Unknown"},{"Box":[56.14,1248.52,119.18,34.62],"Polygon":[1248.7,56.14,1367.7,56.76,1367.52,90.76,1248.52,90.14],"IndexInText":31,"OcrConfidence":0.74,"Text":"2e3mEmE","VisualLineNumber":1,"TextType":"Unknown"},{"Box":[60.94,1402.54,60.14,27.31],"Polygon":[1402.68,60.94,1462.68,61.26,1462.54,88.26,1402.54,87.94],"IndexInText":39,"OcrConfidence":0.98999995,"Text":"500","VisualLineNumber":1,"TextType":"Unknown"},{"Box":[61.33,1476.54,54.14,27.28],"Polygon":[1476.68,61.33,1530.68,61.61,1530.53,88.61,1476.54,88.33],"IndexInText":43,"OcrConfidence":0.98999995,"Text":"001","VisualLineNumber":1,"TextType":"Unknown"}]}]},{"IndexInText":48,"Language":"fra","Length":5,"Rotation":"None","SkewAngle":-0.3,"Type":"Paragraph","WordGroups":[{"IndexInText":48,"Length":5,"Type":"Heading","Words":[{"Box":[72.37,337.42,34.18,35.18],"Polygon":[337.6,72.37,371.6,72.55,371.42,107.54,337.42,107.37],"IndexInText":48,"OcrConfidence":0.87,"Text":"ON","VisualLineNumber":2,"TextType":"Unknown"},{"Box":[71.62,385.42,60.19,36.31],"Polygon":[385.61,71.62,445.61,71.93,445.42,107.93,385.42,107.62],"IndexInText":51,"OcrConfidence":0.90999997,"Text":"EN","VisualLineNumber":2,"TextType":"Unknown"}]}]},{"IndexInText":55,"Language":"und","Length":1,"Rotation":"None","SkewAngle":-0.3,"Type":"Paragraph","WordGroups":[{"IndexInText":55,"Length":1,"Type":"Other","Words":[{"Box":[76.8,1374.58,14.02,3.07],"Polygon":[1374.59,76.8,1388.59,76.87,1388.58,79.87,1374.58,79.8],"IndexInText":55,"OcrConfidence":0.96,"Text":"-","VisualLineNumber":2,"TextType":"Unknown"}]}]},{"IndexInText":58,"Language":"nor","Length":15,"Rotation":"None","SkewAngle":-0.3,"Type":"Paragraph","WordGroups":[{"IndexInText":58,"Length":15,"Type":"Other","Words":[{"Box":[77.89,1773.19,444.4,80.32],"Polygon":[1773.59,77.89,2217.59,80.21,2217.18,158.21,1773.19,155.88],"IndexInText":58,"OcrConfidence":0.81,"Text":"vslolsl2lol\\","VisualLineNumber":2,"TextType":"Unknown"},{"Box":[80.35,2243.18,60.41,78.31],"Polygon":[2243.59,80.35,2303.59,80.66,2303.18,158.66,2243.18,158.35],"IndexInText":71,"OcrConfidence":0.87,"Text":"6]","VisualLineNumber":2,"TextType":"Unknown"}]}]},{"IndexInText":75,"Language":"zlm","Length":59,"Rotation":"None","SkewAngle":-0.3,"Type":"Paragraph","WordGroups":[{"IndexInText":75,"Length":59,"Type":"Other","Words":[{"Box":[104.89,437.18,176.25,48.92],"Polygon":[437.43,104.89,613.43,105.81,613.18,153.81,437.18,152.89],"IndexInText":75,"OcrConfidence":0.97999996,"Text":"cateBank","VisualLineNumber":3,"TextType":"Unknown"},{"Box":[110.75,793.27,126.13,26.66],"Polygon":[793.41,110.75,919.41,111.41,919.27,137.41,793.27,136.75],"IndexInText":84,"OcrConfidence":0.97999996,"Text":"14-1-320,","VisualLineNumber":3,"TextType":"Unknown"},{"Box":[110.44,924.27,152.14,27.8],"Polygon":[924.41,110.44,1076.41,111.24,1076.27,138.24,924.27,137.44],"IndexInText":94,"OcrConfidence":0.97999996,"Text":"AGAPURA,","VisualLineNumber":3,"TextType":"Unknown"},{"Box":[111.27,1083.27,228.14,28.19],"Polygon":[1083.41,111.27,1311.41,112.47,1311.27,139.47,1083.27,138.27],"IndexInText":103,"OcrConfidence":0.97999996,"Text":"SITARAMBAGH,","VisualLineNumber":3,"TextType":"Unknown"},{"Box":[112.47,1312.29,180.12,23.94],"Polygon":[1312.41,112.47,1492.4,113.41,1492.28,136.41,1312.29,135.47],"IndexInText":116,"OcrConfidence":0.98999995,"Text":"HYDERABAD","VisualLineNumber":3,"TextType":"Unknown"},{"Box":[124.46,1501.32,9.03,5.05],"Polygon":[1501.35,124.46,1510.35,124.51,1510.32,129.51,1501.32,129.46],"IndexInText":126,"OcrConfidence":0.97999996,"Text":"-","VisualLineNumber":3,"TextType":"Unknown"},{"Box":[113.56,1519.28,96.12,23.5],"Polygon":[1519.4,113.56,1615.4,114.06,1615.28,137.06,1519.28,136.56],"IndexInText":128,"OcrConfidence":0.98999995,"Text":"500001","VisualLineNumber":3,"TextType":"Unknown"}]}]},{"IndexInText":136,"Language":"eng","Length":53,"Rotation":"None","SkewAngle":-0.3,"Type":"Paragraph","WordGroups":[{"IndexInText":136,"Length":53,"Type":"Other","Words":[{"Box":[130.18,301.0,96.3,57.5],"Polygon":[301.3,130.18,397.3,130.68,397.0,187.68,301.0,187.18],"IndexInText":136,"OcrConfidence":0.85999995,"Text":"eben","VisualLineNumber":4,"TextType":"Unknown"},{"Box":[130.69,399.0,52.3,57.27],"Polygon":[399.3,130.69,451.3,130.96,451.0,187.96,399.0,187.69],"IndexInText":141,"OcrConfidence":0.88,"Text":"were","VisualLineNumber":4,"TextType":"Unknown"},{"Box":[131.1,477.0,30.3,57.16],"Polygon":[477.3,131.1,507.3,131.26,507.0,188.26,477.0,188.1],"IndexInText":146,"OcrConfidence":0.88,"Text":"ar","VisualLineNumber":4,"TextType":"Unknown"},{"Box":[159.27,509.08,105.07,14.55],"Polygon":[509.15,159.27,614.15,159.82,614.08,173.82,509.08,173.27],"IndexInText":149,"OcrConfidence":0.88,"Text":"ero","VisualLineNumber":4,"TextType":"Unknown"},{"Box":[159.75,793.03,64.12,24.33],"Polygon":[793.15,159.75,857.15,160.09,857.03,184.09,793.03,183.75],"IndexInText":153,"OcrConfidence":0.98999995,"Text":"IFSC","VisualLineNumber":4,"TextType":"Unknown"},{"Box":[167.14,867.03,5.08,16.03],"Polygon":[867.11,167.14,872.11,167.17,872.03,183.17,867.03,183.14],"IndexInText":158,"OcrConfidence":0.97999996,"Text":":","VisualLineNumber":4,"TextType":"Unknown"},{"Box":[160.22,882.03,187.12,24.98],"Polygon":[882.15,160.22,1069.15,161.2,1069.02,185.2,882.03,184.22],"IndexInText":160,"OcrConfidence":0.96999997,"Text":"SYNB0003011","VisualLineNumber":4,"TextType":"Unknown"},{"Box":[146.92,1205.94,80.28,54.42],"Polygon":[1206.22,146.92,1286.22,147.34,1285.94,201.33,1205.94,200.92],"IndexInText":172,"OcrConfidence":0.88,"Text":"(CBS)","VisualLineNumber":4,"TextType":"Unknown"},{"Box":[158.99,1793.02,94.15,28.49],"Polygon":[1793.17,158.99,1887.17,159.48,1887.02,187.48,1793.02,186.99],"IndexInText":178,"OcrConfidence":0.94,"Text":"DP","VisualLineNumber":4,"TextType":"Unknown"},{"Box":[159.72,1932.02,159.14,28.83],"Polygon":[1932.17,159.72,2091.17,160.55,2091.02,188.55,1932.02,187.72],"IndexInText":181,"OcrConfidence":0.93,"Text":"MMY","VisualLineNumber":4,"TextType":"Unknown"},{"Box":[160.78,2135.02,24.14,27.13],"Polygon":[2135.16,160.78,2159.16,160.91,2159.02,187.91,2135.02,187.78],"IndexInText":185,"OcrConfidence":0.97999996,"Text":"Y","VisualLineNumber":4,"TextType":"Unknown"},{"Box":[160.14,2204.02,92.15,28.48],"Polygon":[2204.17,160.14,2296.17,160.62,2296.02,188.62,2204.02,188.14],"IndexInText":187,"OcrConfidence":0.97999996,"Text":"YY","VisualLineNumber":4,"TextType":"Unknown"}]}]},{"IndexInText":191,"Language":"eng","Length":86,"Rotation":"None","SkewAngle":-0.3,"Type":"Paragraph","WordGroups":[{"IndexInText":191,"Length":62,"Type":"Other","Words":[{"Box":[270.84,44.37,13.19,37.07],"Polygon":[44.56,270.84,57.56,270.9,57.37,307.9,44.37,307.84],"IndexInText":191,"OcrConfidence":0.96,"Text":":","VisualLineNumber":5,"TextType":"Unknown"},{"Box":[200.07,89.25,111.68,130.58],"Polygon":[89.93,200.07,200.93,200.65,200.25,330.65,89.25,330.07],"IndexInText":193,"OcrConfidence":0.94,"Text":"pay","VisualLineNumber":5,"TextType":"Unknown"},{"Box":[201.72,403.25,392.68,132.05],"Polygon":[403.93,201.72,795.92,203.77,795.24,333.77,403.25,331.71],"IndexInText":197,"OcrConfidence":0.85999995,"Text":"PadosaD.","VisualLineNumber":5,"TextType":"Unknown"},{"Box":[203.93,825.24,308.68,131.61],"Polygon":[825.92,203.93,1133.92,205.54,1133.24,335.54,825.24,333.92],"IndexInText":206,"OcrConfidence":0.83,"Text":"Pradesh","VisualLineNumber":5,"TextType":"Unknown"},{"Box":[205.69,1161.24,285.68,131.49],"Polygon":[1161.92,205.69,1446.91,207.18,1446.23,337.18,1161.24,335.68],"IndexInText":214,"OcrConfidence":0.85999995,"Text":"kiean","VisualLineNumber":5,"TextType":"Unknown"},{"Box":[251.43,1876.43,188.26,50.98],"Polygon":[1876.69,251.43,2064.68,252.41,2064.42,302.41,1876.43,301.43],"IndexInText":220,"OcrConfidence":0.93,"Text":"mows","VisualLineNumber":5,"TextType":"Unknown"},{"Box":[260.51,2082.43,204.21,41.07],"Polygon":[2082.64,260.51,2286.64,261.57,2286.43,301.57,2082.43,300.51],"IndexInText":225,"OcrConfidence":0.84,"Text":"ores","VisualLineNumber":5,"TextType":"Unknown"},{"Box":[323.84,44.92,11.36,69.06],"Polygon":[45.28,323.84,56.28,323.9,55.92,392.9,44.92,392.84],"IndexInText":230,"OcrConfidence":0.96,"Text":":","VisualLineNumber":6,"TextType":"Unknown"},{"Box":[391.84,44.72,13.2,39.07],"Polygon":[44.93,391.84,57.93,391.91,57.72,430.91,44.72,430.84],"IndexInText":232,"OcrConfidence":0.89,"Text":":","VisualLineNumber":6,"TextType":"Unknown"},{"Box":[312.14,101.64,120.7,134.63],"Polygon":[102.35,312.14,222.34,312.77,221.64,446.77,101.64,446.14],"IndexInText":234,"OcrConfidence":0.83,"Text":"ptt","VisualLineNumber":6,"TextType":"Unknown"},{"Box":[313.69,398.64,522.69,136.73],"Polygon":[399.34,313.69,921.33,316.43,920.63,450.43,398.64,447.69],"IndexInText":238,"OcrConfidence":0.75,"Text":"Caniifalt","VisualLineNumber":6,"TextType":"Unknown"},{"Box":[331.44,923.9,470.35,70.46],"Polygon":[924.26,331.44,1394.25,333.9,1393.89,401.9,923.9,399.44],"IndexInText":248,"OcrConfidence":0.89,"Text":"labs.","VisualLineNumber":6,"TextType":"Unknown"}]},{"IndexInText":254,"Length":23,"Type":"Other","Words":[{"Box":[431.84,44.44,14.28,53.07],"Polygon":[44.72,431.84,58.72,431.91,58.44,484.91,44.44,484.84],"IndexInText":254,"OcrConfidence":0.87,"Text":"oe","VisualLineNumber":7,"TextType":"Unknown"},{"Box":[453.66,391.39,261.22,43.37],"Polygon":[391.61,453.66,652.6,455.02,652.38,497.02,391.39,495.65],"IndexInText":257,"OcrConfidence":0.82,"Text":"mpi","VisualLineNumber":7,"TextType":"Unknown"},{"Box":[411.02,651.38,1628.43,95.52],"Polygon":[651.83,411.02,2279.81,419.54,2279.36,506.54,651.38,498.02],"IndexInText":261,"OcrConfidence":0.88,"Text":"tn","VisualLineNumber":7,"TextType":"Unknown"},{"Box":[411.72,1550.3,174.54,103.91],"Polygon":[1550.84,411.72,1724.84,412.64,1724.3,515.63,1550.3,514.72],"IndexInText":264,"OcrConfidence":0.90999997,"Text":"mel","VisualLineNumber":7,"TextType":"Unknown"},{"Box":[412.62,1722.3,198.54,104.04],"Polygon":[1722.84,412.62,1920.84,413.66,1920.3,516.66,1722.3,515.62],"IndexInText":268,"OcrConfidence":0.93,"Text":"BBY","VisualLineNumber":7,"TextType":"Unknown"},{"Box":[413.84,1954.3,69.54,103.36],"Polygon":[1954.84,413.84,2023.84,414.2,2023.3,517.2,1954.3,516.84],"IndexInText":272,"OcrConfidence":0.89,"Text":"0","VisualLineNumber":7,"TextType":"Unknown"},{"Box":[414.56,2091.3,87.54,103.45],"Polygon":[2091.83,414.56,2178.83,415.01,2178.29,518.01,2091.3,517.56],"IndexInText":274,"OcrConfidence":0.9,"Text":"ve)","VisualLineNumber":7,"TextType":"Unknown"}]}]},{"IndexInText":279,"Language":"und","Length":1,"Rotation":"None","SkewAngle":-0.3,"Type":"Paragraph","WordGroups":[{"IndexInText":279,"Length":1,"Type":"Other","Words":[{"Box":[502.84,45.08,13.27,51.07],"Polygon":[45.35,502.84,58.35,502.91,58.08,553.91,45.08,553.84],"IndexInText":279,"OcrConfidence":0.96,"Text":"g","VisualLineNumber":8,"TextType":"Unknown"}]}]},{"IndexInText":282,"Language":"por","Length":15,"Rotation":"None","SkewAngle":-0.3,"Type":"Paragraph","WordGroups":[{"IndexInText":282,"Length":15,"Type":"Other","Words":[{"Box":[500.53,750.18,87.19,36.46],"Polygon":[750.37,500.53,837.37,500.99,837.18,536.99,750.18,536.53],"IndexInText":282,"OcrConfidence":0.9,"Text":"ram","VisualLineNumber":7,"TextType":"Unknown"},{"Box":[517.34,331.12,252.15,30.32],"Polygon":[331.27,517.34,583.27,518.66,583.12,547.66,331.12,546.34],"IndexInText":286,"OcrConfidence":0.9,"Text":"rm","VisualLineNumber":8,"TextType":"Unknown"},{"Box":[517.68,587.25,150.02,4.79],"Polygon":[587.28,517.68,737.27,518.47,737.25,522.47,587.25,521.68],"IndexInText":289,"OcrConfidence":0.84999996,"Text":"———","VisualLineNumber":8,"TextType":"Unknown"},{"Box":[517.48,1120.72,108.56,108.56],"Polygon":[1121.28,517.48,1229.28,518.04,1228.72,626.04,1120.72,625.48],"IndexInText":293,"OcrConfidence":0.9,"Text":"1.","VisualLineNumber":8,"TextType":"Unknown"},{"Box":[520.96,1214.19,12.07,14.06],"Polygon":[1214.27,520.96,1226.27,521.03,1226.19,535.03,1214.19,534.96],"IndexInText":296,"OcrConfidence":0.90999997,"Text":"‘","VisualLineNumber":8,"TextType":"Unknown"}]}]},{"IndexInText":299,"Language":"pol","Length":20,"Rotation":"None","SkewAngle":-0.3,"Type":"Paragraph","WordGroups":[{"IndexInText":299,"Length":20,"Type":"Other","Words":[{"Box":[554.84,44.75,13.32,61.07],"Polygon":[45.07,554.84,58.07,554.91,57.75,615.91,44.75,615.84],"IndexInText":299,"OcrConfidence":0.88,"Text":"i","VisualLineNumber":9,"TextType":"Unknown"},{"Box":[521.3,131.78,144.47,90.75],"Polygon":[132.25,521.3,276.25,522.05,275.78,612.05,131.78,611.3],"IndexInText":301,"OcrConfidence":0.90999997,"Text":"Ach]","VisualLineNumber":8,"TextType":"Unknown"},{"Box":[531.65,389.77,845.42,87.42],"Polygon":[390.2,531.65,1235.19,536.07,1234.75,619.07,389.76,614.65],"IndexInText":306,"OcrConfidence":0.98999995,"Text":"3000201010884","VisualLineNumber":9,"TextType":"Unknown"}]}]},{"IndexInText":321,"Language":"ron","Length":31,"Rotation":"None","SkewAngle":-0.3,"Type":"Paragraph","WordGroups":[{"IndexInText":321,"Length":31,"Type":"Other","Words":[{"Box":[609.3,132.6,732.18,39.83],"Polygon":[132.79,609.3,864.78,613.13,864.59,649.13,132.6,645.3],"IndexInText":321,"OcrConfidence":0.88,"Text":"Se","VisualLineNumber":10,"TextType":"Unknown"},{"Box":[678.85,45.29,13.13,25.07],"Polygon":[45.42,678.85,58.42,678.91,58.29,703.91,45.29,703.85],"IndexInText":324,"OcrConfidence":0.84,"Text":"z","VisualLineNumber":11,"TextType":"Unknown"},{"Box":[687.98,644.18,55.2,39.29],"Polygon":[644.38,687.98,699.38,688.27,699.18,727.27,644.18,726.98],"IndexInText":326,"OcrConfidence":0.88,"Text":"a","VisualLineNumber":11,"TextType":"Unknown"},{"Box":[687.32,709.18,32.2,39.17],"Polygon":[709.39,687.32,741.39,687.49,741.18,726.49,709.18,726.32],"IndexInText":328,"OcrConfidence":0.9,"Text":"=","VisualLineNumber":11,"TextType":"Unknown"},{"Box":[690.57,756.18,66.19,37.35],"Polygon":[756.37,690.57,822.37,690.91,822.18,727.91,756.18,727.57],"IndexInText":330,"OcrConfidence":0.89,"Text":"gut","VisualLineNumber":11,"TextType":"Unknown"},{"Box":[689.98,835.18,112.2,38.59],"Polygon":[835.38,689.98,947.38,690.57,947.18,728.57,835.18,727.98],"IndexInText":334,"OcrConfidence":0.9,"Text":"sare","VisualLineNumber":11,"TextType":"Unknown"},{"Box":[688.65,962.18,24.2,39.13],"Polygon":[962.39,688.65,986.39,688.77,986.18,727.77,962.18,727.65],"IndexInText":339,"OcrConfidence":0.9,"Text":"§","VisualLineNumber":11,"TextType":"Unknown"},{"Box":[701.84,999.14,104.18,34.54],"Polygon":[999.32,701.84,1103.32,702.39,1103.14,736.38,999.14,735.84],"IndexInText":341,"OcrConfidence":0.90999997,"Text":"eT","VisualLineNumber":11,"TextType":"Unknown"},{"Box":[702.44,1114.19,32.13,24.17],"Polygon":[1114.31,702.44,1146.31,702.61,1146.19,726.61,1114.19,726.44],"IndexInText":344,"OcrConfidence":0.94,"Text":"|","VisualLineNumber":11,"TextType":"Unknown"},{"Box":[689.66,1156.17,66.21,40.35],"Polygon":[1156.38,689.66,1222.38,690.01,1222.17,730.01,1156.17,729.66],"IndexInText":346,"OcrConfidence":0.89,"Text":"ued","VisualLineNumber":11,"TextType":"Unknown"},{"Box":[688.08,1999.68,140.72,138.73],"Polygon":[2000.4,688.08,2140.4,688.81,2139.68,826.81,1999.68,826.08],"IndexInText":350,"OcrConfidence":0.9,"Text":"WY","VisualLineNumber":11,"TextType":"Unknown"}]}]},{"IndexInText":354,"Language":"eng","Length":42,"Rotation":"None","SkewAngle":-0.3,"Type":"Paragraph","WordGroups":[{"IndexInText":354,"Length":42,"Type":"Heading","Words":[{"Box":[739.99,644.94,126.17,32.66],"Polygon":[645.11,739.99,771.11,740.65,770.94,772.65,644.94,771.99],"IndexInText":354,"OcrConfidence":0.98999995,"Text":"Payable","VisualLineNumber":12,"TextType":"Unknown"},{"Box":[741.69,779.98,28.13,24.15],"Polygon":[780.1,741.69,808.1,741.84,807.98,765.84,779.98,765.69],"IndexInText":362,"OcrConfidence":0.98999995,"Text":"at","VisualLineNumber":12,"TextType":"Unknown"},{"Box":[746.9,818.95,51.13,25.27],"Polygon":[819.08,746.9,870.08,747.16,869.95,772.16,818.95,771.9],"IndexInText":365,"OcrConfidence":0.98999995,"Text":"par","VisualLineNumber":12,"TextType":"Unknown"},{"Box":[742.22,879.98,28.13,24.15],"Polygon":[880.1,742.22,908.1,742.36,907.98,766.36,879.98,766.22],"IndexInText":369,"OcrConfidence":0.98999995,"Text":"at","VisualLineNumber":12,"TextType":"Unknown"},{"Box":[741.42,918.98,36.13,25.19],"Polygon":[919.11,741.42,955.11,741.61,954.98,766.61,918.98,766.42],"IndexInText":372,"OcrConfidence":0.98999995,"Text":"all","VisualLineNumber":12,"TextType":"Unknown"},{"Box":[740.67,965.98,152.13,25.8],"Polygon":[966.11,740.67,1118.11,741.46,1117.98,766.46,965.98,765.67],"IndexInText":376,"OcrConfidence":0.98999995,"Text":"branches","VisualLineNumber":12,"TextType":"Unknown"},{"Box":[741.49,1122.98,32.13,25.17],"Polygon":[1123.11,741.49,1155.11,741.66,1154.98,766.66,1122.98,766.49],"IndexInText":385,"OcrConfidence":0.98999995,"Text":"of","VisualLineNumber":12,"TextType":"Unknown"},{"Box":[747.7,1163.98,54.1,19.28],"Polygon":[1164.08,747.7,1218.08,747.99,1217.98,766.99,1163.98,766.7],"IndexInText":388,"OcrConfidence":0.98999995,"Text":"our","VisualLineNumber":12,"TextType":"Unknown"},{"Box":[742.04,1227.98,80.13,25.42],"Polygon":[1228.11,742.04,1308.11,742.46,1307.98,767.46,1227.98,767.04],"IndexInText":392,"OcrConfidence":0.98999995,"Text":"Bank","VisualLineNumber":12,"TextType":"Unknown"}]}]},{"IndexInText":398,"Language":"zlm","Length":19,"Rotation":"None","SkewAngle":-0.3,"Type":"Paragraph","WordGroups":[{"IndexInText":398,"Length":19,"Type":"Other","Words":[{"Box":[803.64,5.37,6.4,77.03],"Polygon":[5.77,803.64,11.77,803.67,11.37,880.67,5.37,880.64],"IndexInText":398,"OcrConfidence":0.95,"Text":"|","VisualLineNumber":13,"TextType":"Unknown"},{"Box":[813.26,124.44,570.27,56.98],"Polygon":[124.72,813.26,694.71,816.25,694.43,870.25,124.44,867.26],"IndexInText":400,"OcrConfidence":0.97999996,"Text":"SAN:29006208365","VisualLineNumber":13,"TextType":"Unknown"},{"Box":[786.96,640.34,35.53,101.18],"Polygon":[640.87,786.96,675.87,787.15,675.34,888.15,640.34,887.96],"IndexInText":416,"OcrConfidence":0.98999995,"Text":"4","VisualLineNumber":13,"TextType":"Unknown"}]}]},{"IndexInText":419,"Language":"und","Length":1,"Rotation":"None","SkewAngle":-0.3,"Type":"Paragraph","WordGroups":[{"IndexInText":419,"Length":1,"Type":"Other","Words":[{"Box":[880.7,398.36,2.02,3.01],"Polygon":[398.37,880.7,400.37,880.71,400.36,883.71,398.36,883.7],"IndexInText":419,"OcrConfidence":0.94,"Text":"i","VisualLineNumber":13,"TextType":"Unknown"}]}]},{"IndexInText":422,"Language":"ron","Length":30,"Rotation":"None","SkewAngle":-0.3,"Type":"Paragraph","WordGroups":[{"IndexInText":422,"Length":30,"Type":"Other","Words":[{"Box":[991.77,602.59,297.19,39.55],"Polygon":[602.79,991.77,899.79,993.32,899.59,1031.32,602.59,1029.77],"IndexInText":422,"OcrConfidence":0.82,"Text":"*O0836ESLI®","VisualLineNumber":14,"TextType":"Unknown"},{"Box":[993.57,947.59,360.19,38.88],"Polygon":[947.79,993.57,1307.78,995.46,1307.59,1032.46,947.59,1030.57],"IndexInText":434,"OcrConfidence":0.84999996,"Text":"500025033","VisualLineNumber":14,"TextType":"Unknown"},{"Box":[994.75,1363.59,246.19,38.29],"Polygon":[1363.79,994.75,1609.78,996.04,1609.59,1033.04,1363.59,1031.75],"IndexInText":444,"OcrConfidence":0.87,"Text":"250062","VisualLineNumber":14,"TextType":"Unknown"},{"Box":[996.31,1661.6,58.19,36.3],"Polygon":[1661.78,996.31,1719.78,996.62,1719.59,1032.62,1661.6,1032.31],"IndexInText":451,"OcrConfidence":0.87,"Text":"3","VisualLineNumber":14,"TextType":"Unknown"}]}]},{"IndexInText":454,"Language":"und","Length":2,"Rotation":"None","SkewAngle":-0.3,"Type":"Paragraph","WordGroups":[{"IndexInText":454,"Length":2,"Type":"Other","Words":[{"Box":[797.66,1918.29,36.54,103.19],"Polygon":[1918.83,797.66,1954.83,797.84,1954.29,900.84,1918.29,900.65],"IndexInText":454,"OcrConfidence":0.83,"Text":"SD","VisualLineNumber":13,"TextType":"Unknown"}]}]},{"IndexInText":458,"Language":"eng","Length":15,"Rotation":"None","SkewAngle":-0.3,"Type":"Paragraph","WordGroups":[{"IndexInText":458,"Length":15,"Type":"Other","Words":[{"Box":[886.77,1940.29,56.07,14.29],"Polygon":[1940.36,886.77,1996.36,887.06,1996.29,901.06,1940.29,900.77],"IndexInText":458,"OcrConfidence":0.95,"Text":"ease","VisualLineNumber":13,"TextType":"Unknown"},{"Box":[886.09,2002.26,44.1,20.23],"Polygon":[2002.37,886.09,2046.36,886.33,2046.26,906.33,2002.26,906.09],"IndexInText":463,"OcrConfidence":0.98999995,"Text":"sign","VisualLineNumber":13,"TextType":"Unknown"},{"Box":[886.37,2055.29,70.08,15.37],"Polygon":[2055.36,886.37,2125.36,886.74,2125.28,901.74,2055.29,901.37],"IndexInText":468,"OcrConfidence":0.98999995,"Text":"above","VisualLineNumber":13,"TextType":"Unknown"}]}]}],"ProcessingSource":"Ocr","IndexInText":0,"TextLength":473,"SkewAngle":-0.3,"PageMetadata":[{"Key":"OcrConfidence","Value":"0.75"}]}],"DocumentMetadata":[{"Key":"CommitSHA","Value":null},{"Key":"ReleaseVersion","Value":null},{"Key":"OcrConfidence","Value":"0.75"}]}