{
  "IsCloudStoreUrl": true,
  "StoreUrl": "https://cloud.uipath.com/unyp/DefaultTenant/dataservice_/entities",
  "TenantName": "DefaultTenant",
  "Entities": [
    {
      "Id": "98a8cea2-a570-ed11-9f5f-0022489f9140",
      "Name": "NameSignature",
      "DisplayName": "NameSignature",
      "Description": "",
      "CreateTime": "2022-11-30T11:53:45.773Z",
      "UpdateTime": "2022-11-30T11:55:19.433Z",
      "Fields": [
        {
          "Id": "6b544ab6-a570-ed11-9f5f-0022489f9140",
          "Name": "Name",
          "DisplayName": "Name",
          "Description": "",
          "CreateTime": "2022-11-30T11:54:15.867Z",
          "UpdateTime": "2022-11-30T11:54:15.867Z",
          "SqlType": {
            "Name": "NVARCHAR",
            "LengthLimit": 200,
            "MaxValue": null,
            "MinValue": null,
            "DecimalPrecision": null
          },
          "IsSystemField": false,
          "IsRequired": false,
          "ReferenceEntity": null,
          "ReferenceType": "ManyToOne",
          "FieldDisplayType": "Basic",
          "ReferenceChoiceSet": null,
          "IsAttachment": false
        },
        {
          "Id": "9c3002dc-a570-ed11-9f5f-0022489f9140",
          "Name": "SignatureFile",
          "DisplayName": "SignatureFile",
          "Description": "",
          "CreateTime": "2022-11-30T11:55:19.433Z",
          "UpdateTime": "2022-11-30T11:55:19.433Z",
          "SqlType": {
            "Name": "UNIQUEIDENTIFIER",
            "LengthLimit": null,
            "MaxValue": null,
            "MinValue": null,
            "DecimalPrecision": null
          },
          "IsSystemField": false,
          "IsRequired": false,
          "ReferenceEntity": {
            "Name": "EntityAttachment"
          },
          "ReferenceType": "ManyToOne",
          "FieldDisplayType": "File",
          "ReferenceChoiceSet": null,
          "IsAttachment": true
        },
        {
          "Id": "0b6bcf49-4fec-4b78-a4a5-20e36662dd5c",
          "Name": "Id",
          "DisplayName": "Id",
          "Description": "System built-in field",
          "CreateTime": "2022-11-30T11:53:45.83Z",
          "UpdateTime": "2022-11-30T11:53:45.83Z",
          "SqlType": {
            "Name": "UNIQUEIDENTIFIER",
            "LengthLimit": null,
            "MaxValue": null,
            "MinValue": null,
            "DecimalPrecision": null
          },
          "IsSystemField": true,
          "IsRequired": true,
          "ReferenceEntity": null,
          "ReferenceType": "ManyToOne",
          "FieldDisplayType": "Basic",
          "ReferenceChoiceSet": null,
          "IsAttachment": false
        },
        {
          "Id": "0bcf8b06-640c-4233-a12c-5a6fe3378ca4",
          "Name": "CreatedBy",
          "DisplayName": "CreatedBy",
          "Description": "System built-in field",
          "CreateTime": "2022-11-30T11:53:45.83Z",
          "UpdateTime": "2022-11-30T11:53:45.83Z",
          "SqlType": {
            "Name": "UNIQUEIDENTIFIER",
            "LengthLimit": null,
            "MaxValue": null,
            "MinValue": null,
            "DecimalPrecision": null
          },
          "IsSystemField": true,
          "IsRequired": true,
          "ReferenceEntity": {
            "Name": "SystemUser"
          },
          "ReferenceType": "ManyToOne",
          "FieldDisplayType": "Relationship",
          "ReferenceChoiceSet": null,
          "IsAttachment": false
        },
        {
          "Id": "b07324ee-f460-4031-bc80-9160d83c6a07",
          "Name": "CreateTime",
          "DisplayName": "CreateTime",
          "Description": "System built-in field",
          "CreateTime": "2022-11-30T11:53:45.83Z",
          "UpdateTime": "2022-11-30T11:53:45.83Z",
          "SqlType": {
            "Name": "DATETIMEOFFSET",
            "LengthLimit": null,
            "MaxValue": null,
            "MinValue": null,
            "DecimalPrecision": null
          },
          "IsSystemField": true,
          "IsRequired": true,
          "ReferenceEntity": null,
          "ReferenceType": "ManyToOne",
          "FieldDisplayType": "Basic",
          "ReferenceChoiceSet": null,
          "IsAttachment": false
        },
        {
          "Id": "9c6ec9a0-2fd6-473c-b132-dc610a5530a5",
          "Name": "UpdatedBy",
          "DisplayName": "UpdatedBy",
          "Description": "System built-in field",
          "CreateTime": "2022-11-30T11:53:45.83Z",
          "UpdateTime": "2022-11-30T11:53:45.83Z",
          "SqlType": {
            "Name": "UNIQUEIDENTIFIER",
            "LengthLimit": null,
            "MaxValue": null,
            "MinValue": null,
            "DecimalPrecision": null
          },
          "IsSystemField": true,
          "IsRequired": false,
          "ReferenceEntity": {
            "Name": "SystemUser"
          },
          "ReferenceType": "ManyToOne",
          "FieldDisplayType": "Relationship",
          "ReferenceChoiceSet": null,
          "IsAttachment": false
        },
        {
          "Id": "e9247fcb-2b9b-4336-be4d-e6769963f1ab",
          "Name": "UpdateTime",
          "DisplayName": "UpdateTime",
          "Description": "System built-in field",
          "CreateTime": "2022-11-30T11:53:45.83Z",
          "UpdateTime": "2022-11-30T11:53:45.83Z",
          "SqlType": {
            "Name": "DATETIMEOFFSET",
            "LengthLimit": null,
            "MaxValue": null,
            "MinValue": null,
            "DecimalPrecision": null
          },
          "IsSystemField": true,
          "IsRequired": false,
          "ReferenceEntity": null,
          "ReferenceType": "ManyToOne",
          "FieldDisplayType": "Basic",
          "ReferenceChoiceSet": null,
          "IsAttachment": false
        }
      ],
      "RecordCount": 0,
      "EntityType": "Entity"
    },
    {
      "Id": "90a8cea2-a570-ed11-9f5f-0022489f9140",
      "Name": "SystemUser",
      "DisplayName": "System Users",
      "Description": "Contains Automation Cloud users and groups that have ever had roles assigned, or accessed Data Service",
      "CreateTime": "2022-11-30T11:53:45.437Z",
      "UpdateTime": "2022-11-30T11:53:45.437Z",
      "Fields": [
        {
          "Id": "0cc478a4-d04d-4c27-b688-32af15ab8c5f",
          "Name": "CreateTime",
          "DisplayName": "CreateTime",
          "Description": "System built-in field",
          "CreateTime": "2022-11-30T11:53:45.49Z",
          "UpdateTime": "2022-11-30T11:53:45.49Z",
          "SqlType": {
            "Name": "DATETIMEOFFSET",
            "LengthLimit": null,
            "MaxValue": null,
            "MinValue": null,
            "DecimalPrecision": null
          },
          "IsSystemField": true,
          "IsRequired": true,
          "ReferenceEntity": null,
          "ReferenceType": "ManyToOne",
          "FieldDisplayType": "Basic",
          "ReferenceChoiceSet": null,
          "IsAttachment": false
        },
        {
          "Id": "5f96b3da-41bb-4f96-bd72-3dfc291c8699",
          "Name": "Type",
          "DisplayName": "Type",
          "Description": "System built-in field",
          "CreateTime": "2022-11-30T11:53:45.49Z",
          "UpdateTime": "2022-11-30T11:53:45.49Z",
          "SqlType": {
            "Name": "INT",
            "LengthLimit": null,
            "MaxValue": 9007199254740991.0,
            "MinValue": -9007199254740991.0,
            "DecimalPrecision": null
          },
          "IsSystemField": true,
          "IsRequired": true,
          "ReferenceEntity": null,
          "ReferenceType": "ManyToOne",
          "FieldDisplayType": "ChoiceSetSingle",
          "ReferenceChoiceSet": {
            "Name": "UserType"
          },
          "IsAttachment": false
        },
        {
          "Id": "8de7ba80-06eb-4b56-b3aa-41a4381cf043",
          "Name": "Email",
          "DisplayName": "E-mail",
          "Description": "System built-in field",
          "CreateTime": "2022-11-30T11:53:45.49Z",
          "UpdateTime": "2022-11-30T11:53:45.49Z",
          "SqlType": {
            "Name": "NVARCHAR",
            "LengthLimit": 512,
            "MaxValue": null,
            "MinValue": null,
            "DecimalPrecision": null
          },
          "IsSystemField": true,
          "IsRequired": false,
          "ReferenceEntity": null,
          "ReferenceType": "ManyToOne",
          "FieldDisplayType": "Basic",
          "ReferenceChoiceSet": null,
          "IsAttachment": false
        },
        {
          "Id": "2ac5e111-d79e-4f39-9745-4b6f8fbbf882",
          "Name": "UpdateTime",
          "DisplayName": "UpdateTime",
          "Description": "System built-in field",
          "CreateTime": "2022-11-30T11:53:45.49Z",
          "UpdateTime": "2022-11-30T11:53:45.49Z",
          "SqlType": {
            "Name": "DATETIMEOFFSET",
            "LengthLimit": null,
            "MaxValue": null,
            "MinValue": null,
            "DecimalPrecision": null
          },
          "IsSystemField": true,
          "IsRequired": false,
          "ReferenceEntity": null,
          "ReferenceType": "ManyToOne",
          "FieldDisplayType": "Basic",
          "ReferenceChoiceSet": null,
          "IsAttachment": false
        },
        {
          "Id": "43c1e5f2-4b78-420b-865a-933435099be2",
          "Name": "Id",
          "DisplayName": "Id",
          "Description": "System built-in field",
          "CreateTime": "2022-11-30T11:53:45.49Z",
          "UpdateTime": "2022-11-30T11:53:45.49Z",
          "SqlType": {
            "Name": "UNIQUEIDENTIFIER",
            "LengthLimit": null,
            "MaxValue": null,
            "MinValue": null,
            "DecimalPrecision": null
          },
          "IsSystemField": true,
          "IsRequired": true,
          "ReferenceEntity": null,
          "ReferenceType": "ManyToOne",
          "FieldDisplayType": "Basic",
          "ReferenceChoiceSet": null,
          "IsAttachment": false
        },
        {
          "Id": "099d5e22-85eb-4b01-81eb-f1900e36caea",
          "Name": "Name",
          "DisplayName": "Name",
          "Description": "System built-in field",
          "CreateTime": "2022-11-30T11:53:45.49Z",
          "UpdateTime": "2022-11-30T11:53:45.49Z",
          "SqlType": {
            "Name": "NVARCHAR",
            "LengthLimit": 512,
            "MaxValue": null,
            "MinValue": null,
            "DecimalPrecision": null
          },
          "IsSystemField": true,
          "IsRequired": true,
          "ReferenceEntity": null,
          "ReferenceType": "ManyToOne",
          "FieldDisplayType": "Basic",
          "ReferenceChoiceSet": null,
          "IsAttachment": false
        },
        {
          "Id": "16420c7d-e0cd-4493-bc22-f8130e0b6d8d",
          "Name": "IsActive",
          "DisplayName": "IsActive",
          "Description": "System built-in field",
          "CreateTime": "2022-11-30T11:53:45.49Z",
          "UpdateTime": "2022-11-30T11:53:45.49Z",
          "SqlType": {
            "Name": "BIT",
            "LengthLimit": null,
            "MaxValue": null,
            "MinValue": null,
            "DecimalPrecision": null
          },
          "IsSystemField": true,
          "IsRequired": true,
          "ReferenceEntity": null,
          "ReferenceType": "ManyToOne",
          "FieldDisplayType": "Basic",
          "ReferenceChoiceSet": null,
          "IsAttachment": false
        }
      ],
      "RecordCount": 5,
      "EntityType": "SystemEntity"
    }
  ],
  "Namespace": "SignatureDetection",
  "EntitiesJson": "{\"entities\":[{\"name\":\"NameSignature\",\"displayName\":\"NameSignature\",\"entityTypeId\":0,\"entityType\":\"Entity\",\"description\":\"\",\"fields\":[{\"id\":\"6b544ab6-a570-ed11-9f5f-0022489f9140\",\"name\":\"Name\",\"isPrimaryKey\":false,\"isForeignKey\":false,\"isUnique\":false,\"referenceType\":\"ManyToOne\",\"sqlType\":{\"name\":\"NVARCHAR\",\"lengthLimit\":200},\"isRequired\":false,\"displayName\":\"Name\",\"description\":\"\",\"createTime\":\"2022-11-30T11:54:15.867Z\",\"createdBy\":\"131c8afe-82db-42f1-96bc-48c0a11ec661\",\"updateTime\":\"2022-11-30T11:54:15.867Z\",\"updatedBy\":\"131c8afe-82db-42f1-96bc-48c0a11ec661\",\"isSystemField\":false,\"fieldDisplayType\":\"Basic\",\"isAttachment\":false,\"isRbacEnabled\":false},{\"id\":\"9c3002dc-a570-ed11-9f5f-0022489f9140\",\"name\":\"SignatureFile\",\"isPrimaryKey\":false,\"isForeignKey\":true,\"isUnique\":false,\"referenceName\":\"fk_SignatureFile_c16a66a3-7232-483d-8381-3256ecd073e5\",\"referenceEntity\":{\"name\":\"EntityAttachment\",\"displayName\":\"EntityAttachment\",\"entityTypeId\":0,\"entityType\":\"Entity\",\"isRbacEnabled\":false,\"id\":\"8f3002dc-a570-ed11-9f5f-0022489f9140\"},\"referenceField\":{\"id\":\"46d34f3e-dbbd-497e-bb59-3437c9c3961a\",\"definition\":{\"name\":\"Name\",\"isPrimaryKey\":false,\"isForeignKey\":false,\"isUnique\":false,\"referenceType\":\"ManyToOne\",\"sqlType\":{\"name\":\"NVARCHAR\",\"lengthLimit\":4000},\"isRequired\":false,\"displayName\":\"Name\",\"createTime\":\"2022-11-30T13:41:49.2891917Z\",\"updateTime\":\"2022-11-30T13:41:49.2891917Z\",\"isSystemField\":false,\"fieldDisplayType\":\"Basic\",\"isAttachment\":false,\"isRbacEnabled\":false}},\"referenceType\":\"ManyToOne\",\"sqlType\":{\"name\":\"UNIQUEIDENTIFIER\"},\"isRequired\":false,\"displayName\":\"SignatureFile\",\"description\":\"\",\"createTime\":\"2022-11-30T11:55:19.433Z\",\"createdBy\":\"131c8afe-82db-42f1-96bc-48c0a11ec661\",\"updateTime\":\"2022-11-30T11:55:19.433Z\",\"updatedBy\":\"131c8afe-82db-42f1-96bc-48c0a11ec661\",\"isSystemField\":false,\"fieldDisplayType\":\"File\",\"isAttachment\":true,\"isRbacEnabled\":false},{\"id\":\"0b6bcf49-4fec-4b78-a4a5-20e36662dd5c\",\"name\":\"Id\",\"isPrimaryKey\":true,\"isForeignKey\":false,\"isUnique\":false,\"referenceType\":\"ManyToOne\",\"sqlType\":{\"name\":\"UNIQUEIDENTIFIER\"},\"isRequired\":true,\"displayName\":\"Id\",\"description\":\"System built-in field\",\"createTime\":\"2022-11-30T11:53:45.83Z\",\"createdBy\":\"131c8afe-82db-42f1-96bc-48c0a11ec661\",\"updateTime\":\"2022-11-30T11:53:45.83Z\",\"isSystemField\":true,\"fieldDisplayType\":\"Basic\",\"isAttachment\":false,\"isRbacEnabled\":false},{\"id\":\"0bcf8b06-640c-4233-a12c-5a6fe3378ca4\",\"name\":\"CreatedBy\",\"isPrimaryKey\":false,\"isForeignKey\":true,\"isUnique\":false,\"referenceName\":\"fk_CreatedBy_19333260-7bf4-4cd0-bc9d-b72320ed834b\",\"referenceEntity\":{\"name\":\"SystemUser\",\"displayName\":\"System Users\",\"entityTypeId\":0,\"entityType\":\"Entity\",\"isRbacEnabled\":false,\"id\":\"90a8cea2-a570-ed11-9f5f-0022489f9140\"},\"referenceField\":{\"id\":\"099d5e22-85eb-4b01-81eb-f1900e36caea\",\"definition\":{\"name\":\"Name\",\"isPrimaryKey\":false,\"isForeignKey\":false,\"isUnique\":false,\"referenceType\":\"ManyToOne\",\"sqlType\":{\"name\":\"NVARCHAR\",\"lengthLimit\":512},\"isRequired\":false,\"displayName\":\"Name\",\"createTime\":\"2022-11-30T13:41:49.2891938Z\",\"updateTime\":\"2022-11-30T13:41:49.2891939Z\",\"isSystemField\":false,\"fieldDisplayType\":\"Basic\",\"isAttachment\":false,\"isRbacEnabled\":false}},\"referenceType\":\"ManyToOne\",\"sqlType\":{\"name\":\"UNIQUEIDENTIFIER\"},\"isRequired\":true,\"displayName\":\"CreatedBy\",\"description\":\"System built-in field\",\"createTime\":\"2022-11-30T11:53:45.83Z\",\"createdBy\":\"131c8afe-82db-42f1-96bc-48c0a11ec661\",\"updateTime\":\"2022-11-30T11:53:45.83Z\",\"isSystemField\":true,\"fieldDisplayType\":\"Relationship\",\"isAttachment\":false,\"isRbacEnabled\":false},{\"id\":\"b07324ee-f460-4031-bc80-9160d83c6a07\",\"name\":\"CreateTime\",\"isPrimaryKey\":false,\"isForeignKey\":false,\"isUnique\":false,\"referenceType\":\"ManyToOne\",\"sqlType\":{\"name\":\"DATETIMEOFFSET\"},\"isRequired\":true,\"displayName\":\"CreateTime\",\"description\":\"System built-in field\",\"createTime\":\"2022-11-30T11:53:45.83Z\",\"createdBy\":\"131c8afe-82db-42f1-96bc-48c0a11ec661\",\"updateTime\":\"2022-11-30T11:53:45.83Z\",\"isSystemField\":true,\"fieldDisplayType\":\"Basic\",\"isAttachment\":false,\"isRbacEnabled\":false},{\"id\":\"9c6ec9a0-2fd6-473c-b132-dc610a5530a5\",\"name\":\"UpdatedBy\",\"isPrimaryKey\":false,\"isForeignKey\":true,\"isUnique\":false,\"referenceName\":\"fk_UpdatedBy_162b20dc-fa99-40af-a5e0-b692e86c8a5a\",\"referenceEntity\":{\"name\":\"SystemUser\",\"displayName\":\"System Users\",\"entityTypeId\":0,\"entityType\":\"Entity\",\"isRbacEnabled\":false,\"id\":\"90a8cea2-a570-ed11-9f5f-0022489f9140\"},\"referenceField\":{\"id\":\"099d5e22-85eb-4b01-81eb-f1900e36caea\",\"definition\":{\"name\":\"Name\",\"isPrimaryKey\":false,\"isForeignKey\":false,\"isUnique\":false,\"referenceType\":\"ManyToOne\",\"sqlType\":{\"name\":\"NVARCHAR\",\"lengthLimit\":512},\"isRequired\":false,\"displayName\":\"Name\",\"createTime\":\"2022-11-30T13:41:49.2891989Z\",\"updateTime\":\"2022-11-30T13:41:49.289199Z\",\"isSystemField\":false,\"fieldDisplayType\":\"Basic\",\"isAttachment\":false,\"isRbacEnabled\":false}},\"referenceType\":\"ManyToOne\",\"sqlType\":{\"name\":\"UNIQUEIDENTIFIER\"},\"isRequired\":false,\"displayName\":\"UpdatedBy\",\"description\":\"System built-in field\",\"createTime\":\"2022-11-30T11:53:45.83Z\",\"createdBy\":\"131c8afe-82db-42f1-96bc-48c0a11ec661\",\"updateTime\":\"2022-11-30T11:53:45.83Z\",\"isSystemField\":true,\"fieldDisplayType\":\"Relationship\",\"isAttachment\":false,\"isRbacEnabled\":false},{\"id\":\"e9247fcb-2b9b-4336-be4d-e6769963f1ab\",\"name\":\"UpdateTime\",\"isPrimaryKey\":false,\"isForeignKey\":false,\"isUnique\":false,\"referenceType\":\"ManyToOne\",\"sqlType\":{\"name\":\"DATETIMEOFFSET\"},\"isRequired\":false,\"displayName\":\"UpdateTime\",\"description\":\"System built-in field\",\"createTime\":\"2022-11-30T11:53:45.83Z\",\"createdBy\":\"131c8afe-82db-42f1-96bc-48c0a11ec661\",\"updateTime\":\"2022-11-30T11:53:45.83Z\",\"isSystemField\":true,\"fieldDisplayType\":\"Basic\",\"isAttachment\":false,\"isRbacEnabled\":false}],\"recordCount\":0,\"storageSizeInMB\":0.0,\"usedStorageSizeInMB\":0.0,\"isRbacEnabled\":false,\"id\":\"98a8cea2-a570-ed11-9f5f-0022489f9140\",\"createdBy\":\"131c8afe-82db-42f1-96bc-48c0a11ec661\",\"createTime\":\"2022-11-30T11:53:45.773Z\",\"updateTime\":\"2022-11-30T11:55:19.433Z\",\"updatedBy\":\"131c8afe-82db-42f1-96bc-48c0a11ec661\"},{\"name\":\"SystemUser\",\"displayName\":\"System Users\",\"entityTypeId\":3,\"entityType\":\"SystemEntity\",\"description\":\"Contains Automation Cloud users and groups that have ever had roles assigned, or accessed Data Service\",\"fields\":[{\"id\":\"0cc478a4-d04d-4c27-b688-32af15ab8c5f\",\"name\":\"CreateTime\",\"isPrimaryKey\":false,\"isForeignKey\":false,\"isUnique\":false,\"referenceType\":\"ManyToOne\",\"sqlType\":{\"name\":\"DATETIMEOFFSET\"},\"isRequired\":true,\"displayName\":\"CreateTime\",\"description\":\"System built-in field\",\"createTime\":\"2022-11-30T11:53:45.49Z\",\"createdBy\":\"131c8afe-82db-42f1-96bc-48c0a11ec661\",\"updateTime\":\"2022-11-30T11:53:45.49Z\",\"isSystemField\":true,\"fieldDisplayType\":\"Basic\",\"isAttachment\":false,\"isRbacEnabled\":false},{\"id\":\"5f96b3da-41bb-4f96-bd72-3dfc291c8699\",\"name\":\"Type\",\"isPrimaryKey\":false,\"isForeignKey\":false,\"isUnique\":false,\"referenceChoiceSet\":{\"name\":\"UserType\",\"entityTypeId\":0,\"entityType\":\"Entity\",\"isRbacEnabled\":false},\"referenceType\":\"ManyToOne\",\"sqlType\":{\"name\":\"INT\",\"maxValue\":9007199254740991.0,\"minValue\":-9007199254740991.0},\"isRequired\":true,\"displayName\":\"Type\",\"description\":\"System built-in field\",\"createTime\":\"2022-11-30T11:53:45.49Z\",\"createdBy\":\"131c8afe-82db-42f1-96bc-48c0a11ec661\",\"updateTime\":\"2022-11-30T11:53:45.49Z\",\"isSystemField\":true,\"fieldDisplayType\":\"ChoiceSetSingle\",\"choiceSetId\":\"89a8cea2-a570-ed11-9f5f-0022489f9140\",\"isAttachment\":false,\"isRbacEnabled\":false},{\"id\":\"8de7ba80-06eb-4b56-b3aa-41a4381cf043\",\"name\":\"Email\",\"isPrimaryKey\":false,\"isForeignKey\":false,\"isUnique\":false,\"referenceType\":\"ManyToOne\",\"sqlType\":{\"name\":\"NVARCHAR\",\"lengthLimit\":512},\"isRequired\":false,\"displayName\":\"E-mail\",\"description\":\"System built-in field\",\"createTime\":\"2022-11-30T11:53:45.49Z\",\"createdBy\":\"131c8afe-82db-42f1-96bc-48c0a11ec661\",\"updateTime\":\"2022-11-30T11:53:45.49Z\",\"isSystemField\":true,\"fieldDisplayType\":\"Basic\",\"isAttachment\":false,\"isRbacEnabled\":false},{\"id\":\"2ac5e111-d79e-4f39-9745-4b6f8fbbf882\",\"name\":\"UpdateTime\",\"isPrimaryKey\":false,\"isForeignKey\":false,\"isUnique\":false,\"referenceType\":\"ManyToOne\",\"sqlType\":{\"name\":\"DATETIMEOFFSET\"},\"isRequired\":false,\"displayName\":\"UpdateTime\",\"description\":\"System built-in field\",\"createTime\":\"2022-11-30T11:53:45.49Z\",\"createdBy\":\"131c8afe-82db-42f1-96bc-48c0a11ec661\",\"updateTime\":\"2022-11-30T11:53:45.49Z\",\"isSystemField\":true,\"fieldDisplayType\":\"Basic\",\"isAttachment\":false,\"isRbacEnabled\":false},{\"id\":\"43c1e5f2-4b78-420b-865a-933435099be2\",\"name\":\"Id\",\"isPrimaryKey\":true,\"isForeignKey\":false,\"isUnique\":false,\"referenceType\":\"ManyToOne\",\"sqlType\":{\"name\":\"UNIQUEIDENTIFIER\"},\"isRequired\":true,\"displayName\":\"Id\",\"description\":\"System built-in field\",\"createTime\":\"2022-11-30T11:53:45.49Z\",\"createdBy\":\"131c8afe-82db-42f1-96bc-48c0a11ec661\",\"updateTime\":\"2022-11-30T11:53:45.49Z\",\"isSystemField\":true,\"fieldDisplayType\":\"Basic\",\"isAttachment\":false,\"isRbacEnabled\":false},{\"id\":\"099d5e22-85eb-4b01-81eb-f1900e36caea\",\"name\":\"Name\",\"isPrimaryKey\":false,\"isForeignKey\":false,\"isUnique\":false,\"referenceType\":\"ManyToOne\",\"sqlType\":{\"name\":\"NVARCHAR\",\"lengthLimit\":512},\"isRequired\":true,\"displayName\":\"Name\",\"description\":\"System built-in field\",\"createTime\":\"2022-11-30T11:53:45.49Z\",\"createdBy\":\"131c8afe-82db-42f1-96bc-48c0a11ec661\",\"updateTime\":\"2022-11-30T11:53:45.49Z\",\"isSystemField\":true,\"fieldDisplayType\":\"Basic\",\"isAttachment\":false,\"isRbacEnabled\":false},{\"id\":\"16420c7d-e0cd-4493-bc22-f8130e0b6d8d\",\"name\":\"IsActive\",\"isPrimaryKey\":false,\"isForeignKey\":false,\"isUnique\":false,\"referenceType\":\"ManyToOne\",\"sqlType\":{\"name\":\"BIT\"},\"isRequired\":true,\"displayName\":\"IsActive\",\"description\":\"System built-in field\",\"createTime\":\"2022-11-30T11:53:45.49Z\",\"createdBy\":\"131c8afe-82db-42f1-96bc-48c0a11ec661\",\"updateTime\":\"2022-11-30T11:53:45.49Z\",\"isSystemField\":true,\"fieldDisplayType\":\"Basic\",\"isAttachment\":false,\"isRbacEnabled\":false}],\"recordCount\":5,\"storageSizeInMB\":0.070312,\"usedStorageSizeInMB\":0.015625,\"isRbacEnabled\":false,\"id\":\"90a8cea2-a570-ed11-9f5f-0022489f9140\",\"createdBy\":\"131c8afe-82db-42f1-96bc-48c0a11ec661\",\"createTime\":\"2022-11-30T11:53:45.437Z\",\"updateTime\":\"2022-11-30T11:53:45.437Z\",\"updatedBy\":\"131c8afe-82db-42f1-96bc-48c0a11ec661\"}],\"choicesets\":[{\"id\":\"89a8cea2-a570-ed11-9f5f-0022489f9140\",\"name\":\"UserType\",\"displayName\":\"User Type\",\"description\":\"Denotes the type of user record in the System User entity\",\"createdBy\":\"131c8afe-82db-42f1-96bc-48c0a11ec661\",\"createTime\":\"2022-11-30T11:53:44.78Z\",\"updateTime\":\"2022-11-30T11:53:44.78Z\",\"updatedBy\":\"131c8afe-82db-42f1-96bc-48c0a11ec661\",\"data\":[{\"DisplayName\":\"User\",\"Name\":\"User\",\"NumberId\":0},{\"DisplayName\":\"Application\",\"Name\":\"Application\",\"NumberId\":3},{\"DisplayName\":\"Robot\",\"Name\":\"Robot\",\"NumberId\":2},{\"DisplayName\":\"Group\",\"Name\":\"Group\",\"NumberId\":1}]}]}",
  "SelectedEntitiesNames": [
    "NameSignature",
    "SystemUser"
  ]
}